Profile Name,Date,date_of_month,day_of_week,day_name,Month,Year,Duration,Title,TV Show,Season,Episode,Content Type
Charlie,2013-03-20 01:17:53-04:00,20,2,Wednesday,3,2013,0:00:05,Star Trek: Deep Space Nine: Season 5: Empok Nor (Episode 24),Star Trek, Deep Space Nine, Season 5: Empok Nor (Episode 24),TV Show
Charlie,2013-03-20 00:27:45-04:00,20,2,Wednesday,3,2013,0:44:31,Star Trek: Deep Space Nine: Season 5: Blaze of Glory (Episode 23),Star Trek, Deep Space Nine, Season 5: Blaze of Glory (Episode 23),TV Show
Charlie,2013-03-20 00:05:21-04:00,20,2,Wednesday,3,2013,0:22:06,Star Trek: Deep Space Nine: Season 5: Children of Time (Episode 22),Star Trek, Deep Space Nine, Season 5: Children of Time (Episode 22),TV Show
Charlie,2013-03-19 20:20:03-04:00,19,1,Tuesday,3,2013,0:48:14,The Invisible War,The Invisible War,,,Movie
Charlie,2013-03-19 20:10:31-04:00,19,1,Tuesday,3,2013,0:04:51,The Invisible War,The Invisible War,,,Movie
Charlie,2013-03-19 18:34:08-04:00,19,1,Tuesday,3,2013,0:22:29,Star Trek: Deep Space Nine: Season 5: Children of Time (Episode 22),Star Trek, Deep Space Nine, Season 5: Children of Time (Episode 22),TV Show
Charlie,2013-03-19 01:07:46-04:00,19,1,Tuesday,3,2013,0:33:10,Star Trek: Deep Space Nine: Season 5: Soldiers of the Empire (Episode 21),Star Trek, Deep Space Nine, Season 5: Soldiers of the Empire (Episode 21),TV Show
Charlie,2013-03-18 19:57:53-04:00,18,0,Monday,3,2013,0:11:36,Star Trek: Deep Space Nine: Season 5: Soldiers of the Empire (Episode 21),Star Trek, Deep Space Nine, Season 5: Soldiers of the Empire (Episode 21),TV Show
Charlie,2013-03-18 19:26:15-04:00,18,0,Monday,3,2013,0:31:32,Star Trek: Deep Space Nine: Season 5: Ferengi Love Songs (Episode 20),Star Trek, Deep Space Nine, Season 5: Ferengi Love Songs (Episode 20),TV Show
Charlie,2013-03-18 19:25:36-04:00,18,0,Monday,3,2013,0:00:02,The Office (U.S.): Season 5: The Duel (Episode 12),The Office (U.S.), Season 5, The Duel (Episode 12),TV Show
Charlie,2013-03-18 19:04:22-04:00,18,0,Monday,3,2013,0:21:07,The Office (U.S.): Season 5: Moroccan Christmas (Episode 11),The Office (U.S.), Season 5, Moroccan Christmas (Episode 11),TV Show
Charlie,2013-03-18 18:42:50-04:00,18,0,Monday,3,2013,0:21:30,The Office (U.S.): Season 5: The Surplus (Episode 10),The Office (U.S.), Season 5, The Surplus (Episode 10),TV Show
Charlie,2013-03-18 18:21:52-04:00,18,0,Monday,3,2013,0:20:55,The Office (U.S.): Season 5: Frame Toby (Episode 9),The Office (U.S.), Season 5, Frame Toby (Episode 9),TV Show
Charlie,2013-03-18 18:20:53-04:00,18,0,Monday,3,2013,0:00:55,The Office (U.S.): Season 5: Business Trip (Episode 8),The Office (U.S.), Season 5, Business Trip (Episode 8),TV Show
Charlie,2013-03-18 16:29:22-04:00,18,0,Monday,3,2013,0:20:15,The Office (U.S.): Season 5: Business Trip (Episode 8),The Office (U.S.), Season 5, Business Trip (Episode 8),TV Show
Charlie,2013-03-18 16:07:57-04:00,18,0,Monday,3,2013,0:21:21,The Office (U.S.): Season 5: Customer Survey (Episode 7),The Office (U.S.), Season 5, Customer Survey (Episode 7),TV Show
Charlie,2013-03-18 15:46:38-04:00,18,0,Monday,3,2013,0:21:14,The Office (U.S.): Season 5: Employee Transfer (Episode 6),The Office (U.S.), Season 5, Employee Transfer (Episode 6),TV Show
Charlie,2013-03-18 15:24:10-04:00,18,0,Monday,3,2013,0:21:34,The Office (U.S.): Season 5: Crime Aid (Episode 5),The Office (U.S.), Season 5, Crime Aid (Episode 5),TV Show
Charlie,2013-03-18 14:20:16-04:00,18,0,Monday,3,2013,0:21:12,The Office (U.S.): Season 5: Baby Shower (Episode 4),The Office (U.S.), Season 5, Baby Shower (Episode 4),TV Show
Charlie,2013-03-18 13:54:26-04:00,18,0,Monday,3,2013,0:21:15,The Office (U.S.): Season 5: Business Ethics (Episode 3),The Office (U.S.), Season 5, Business Ethics (Episode 3),TV Show
Charlie,2013-03-18 13:36:27-04:00,18,0,Monday,3,2013,0:15:50,The Office (U.S.): Season 5: Weight Loss: Part 2 (Episode 2),The Office (U.S.), Season 5, Weight Loss: Part 2 (Episode 2),TV Show
Charlie,2013-03-18 01:35:10-04:00,18,0,Monday,3,2013,0:05:20,The Office (U.S.): Season 5: Weight Loss: Part 2 (Episode 2),The Office (U.S.), Season 5, Weight Loss: Part 2 (Episode 2),TV Show
Charlie,2013-03-18 01:00:02-04:00,18,0,Monday,3,2013,0:21:02,The Office (U.S.): Season 5: Weight Loss: Part 1 (Episode 1),The Office (U.S.), Season 5, Weight Loss: Part 1 (Episode 1),TV Show
Charlie,2013-03-18 00:27:20-04:00,18,0,Monday,3,2013,0:32:37,"The Office (U.S.): Season 4: Goodbye, Toby (Episode 14)",The Office (U.S.), Season 4," Goodbye, Toby (Episode 14)",TV Show
Charlie,2013-03-17 01:40:18-04:00,17,6,Sunday,3,2013,0:08:52,"The Office (U.S.): Season 4: Goodbye, Toby (Episode 14)",The Office (U.S.), Season 4," Goodbye, Toby (Episode 14)",TV Show
Charlie,2013-03-17 01:10:14-04:00,17,6,Sunday,3,2013,0:20:18,The Office (U.S.): Season 4: Job Fair (Episode 13),The Office (U.S.), Season 4, Job Fair (Episode 13),TV Show
Charlie,2013-03-17 00:48:28-04:00,17,6,Sunday,3,2013,0:21:41,The Office (U.S.): Season 4: Did I Stutter (Episode 12),The Office (U.S.), Season 4, Did I Stutter (Episode 12),TV Show
Charlie,2013-03-17 00:31:32-04:00,17,6,Sunday,3,2013,0:15:51,The Office (U.S.): Season 4: Night Out (Episode 11),The Office (U.S.), Season 4, Night Out (Episode 11),TV Show
Charlie,2013-03-16 16:14:27-04:00,16,5,Saturday,3,2013,0:04:59,The Office (U.S.): Season 4: Night Out (Episode 11),The Office (U.S.), Season 4, Night Out (Episode 11),TV Show
Charlie,2013-03-16 15:52:58-04:00,16,5,Saturday,3,2013,0:21:21,The Office (U.S.): Season 4: The Chair Model (Episode 10),The Office (U.S.), Season 4, The Chair Model (Episode 10),TV Show
Charlie,2013-03-16 15:31:01-04:00,16,5,Saturday,3,2013,0:21:54,The Office (U.S.): Season 4: Dinner Party (Episode 9),The Office (U.S.), Season 4, Dinner Party (Episode 9),TV Show
Charlie,2013-03-16 15:11:50-04:00,16,5,Saturday,3,2013,0:19:08,The Office (U.S.): Season 4: The Deposition (Episode 8),The Office (U.S.), Season 4, The Deposition (Episode 8),TV Show
Charlie,2013-03-16 14:29:58-04:00,16,5,Saturday,3,2013,0:02:06,The Office (U.S.): Season 4: The Deposition (Episode 8),The Office (U.S.), Season 4, The Deposition (Episode 8),TV Show
Charlie,2013-03-16 02:03:09-04:00,16,5,Saturday,3,2013,0:20:42,The Office (U.S.): Season 4: Survivor Man (Episode 7),The Office (U.S.), Season 4, Survivor Man (Episode 7),TV Show
Charlie,2013-03-16 01:40:55-04:00,16,5,Saturday,3,2013,0:21:10,The Office (U.S.): Season 4: Local Ad (Episode 5),The Office (U.S.), Season 4, Local Ad (Episode 5),TV Show
Charlie,2013-03-16 00:59:11-04:00,16,5,Saturday,3,2013,0:41:32,The Office (U.S.): Season 4: Money (Episode 4),The Office (U.S.), Season 4, Money (Episode 4),TV Show
Charlie,2013-03-16 00:51:24-04:00,16,5,Saturday,3,2013,0:07:40,The Office (U.S.): Season 4: Launch Party (Episode 3),The Office (U.S.), Season 4, Launch Party (Episode 3),TV Show
Charlie,2013-03-15 21:32:56-04:00,15,4,Friday,3,2013,0:01:02,The Office (U.S.): Season 4: Launch Party (Episode 3),The Office (U.S.), Season 4, Launch Party (Episode 3),TV Show
Charlie,2013-03-15 21:07:28-04:00,15,4,Friday,3,2013,0:05:10,The Office (U.S.): Season 4: Launch Party (Episode 3),The Office (U.S.), Season 4, Launch Party (Episode 3),TV Show
Charlie,2013-03-15 20:40:36-04:00,15,4,Friday,3,2013,0:19:08,Archer: Season 3: The Man from Jupiter (Episode 4),Archer, Season 3, The Man from Jupiter (Episode 4),TV Show
Charlie,2013-03-15 20:20:53-04:00,15,4,Friday,3,2013,0:19:30,"Archer: Season 3: Heart of Archness, Part 3 (Episode 3)",Archer, Season 3," Heart of Archness, Part 3 (Episode 3)",TV Show
Charlie,2013-03-15 20:20:30-04:00,15,4,Friday,3,2013,0:00:18,"Archer: Season 3: Heart of Archness, Part 2 (Episode 2)",Archer, Season 3," Heart of Archness, Part 2 (Episode 2)",TV Show
Charlie,2013-03-15 19:50:06-04:00,15,4,Friday,3,2013,0:27:43,The Office (U.S.): Season 4: Launch Party (Episode 3),The Office (U.S.), Season 4, Launch Party (Episode 3),TV Show
Charlie,2013-03-15 19:40:03-04:00,15,4,Friday,3,2013,0:10:01,The Office (U.S.): Season 4: Dunder Mifflin Infinity (Episode 2),The Office (U.S.), Season 4, Dunder Mifflin Infinity (Episode 2),TV Show
Charlie,2013-03-15 17:11:53-04:00,15,4,Friday,3,2013,0:11:48,The Office (U.S.): Season 4: Dunder Mifflin Infinity (Episode 2),The Office (U.S.), Season 4, Dunder Mifflin Infinity (Episode 2),TV Show
Charlie,2013-03-15 15:40:38-04:00,15,4,Friday,3,2013,0:19:52,The Office (U.S.): Season 4: Dunder Mifflin Infinity (Episode 2),The Office (U.S.), Season 4, Dunder Mifflin Infinity (Episode 2),TV Show
Charlie,2013-03-15 14:54:23-04:00,15,4,Friday,3,2013,0:41:34,The Office (U.S.): Season 4: Fun Run (Episode 1),The Office (U.S.), Season 4, Fun Run (Episode 1),TV Show
Charlie,2013-03-15 13:37:51-04:00,15,4,Friday,3,2013,0:20:45,The Office (U.S.): Season 3: The Job (Episode 23),The Office (U.S.), Season 3, The Job (Episode 23),TV Show
Charlie,2013-03-15 02:03:33-04:00,15,4,Friday,3,2013,0:21:11,The Office (U.S.): Season 3: The Job (Episode 23),The Office (U.S.), Season 3, The Job (Episode 23),TV Show
Charlie,2013-03-15 01:35:50-04:00,15,4,Friday,3,2013,0:27:39,The Office (U.S.): Season 3: Beach Games (Episode 22),The Office (U.S.), Season 3, Beach Games (Episode 22),TV Show
Charlie,2013-03-15 01:01:11-04:00,15,4,Friday,3,2013,0:28:35,The Office (U.S.): Season 3: Women's Appreciation (Episode 21),The Office (U.S.), Season 3, Women's Appreciation (Episode 21),TV Show
Charlie,2013-03-15 00:40:15-04:00,15,4,Friday,3,2013,0:20:51,The Office (U.S.): Season 3: Product Recall (Episode 20),The Office (U.S.), Season 3, Product Recall (Episode 20),TV Show
Charlie,2013-03-15 00:12:24-04:00,15,4,Friday,3,2013,0:18:54,The Office (U.S.): Season 3: Safety Training (Episode 19),The Office (U.S.), Season 3, Safety Training (Episode 19),TV Show
Charlie,2013-03-14 23:41:08-04:00,14,3,Thursday,3,2013,0:19:07,"Archer: Season 3: Heart of Archness, Part 2 (Episode 2)",Archer, Season 3," Heart of Archness, Part 2 (Episode 2)",TV Show
Charlie,2013-03-14 23:19:43-04:00,14,3,Thursday,3,2013,0:21:20,"Archer: Season 3: Heart of Archness, Part 1 (Episode 1)",Archer, Season 3," Heart of Archness, Part 1 (Episode 1)",TV Show
Charlie,2013-03-14 23:19:23-04:00,14,3,Thursday,3,2013,0:00:14,Archer: Season 2: El Secuestro (Episode 10),Archer, Season 2, El Secuestro (Episode 10),TV Show
Charlie,2013-03-14 20:07:27-04:00,14,3,Thursday,3,2013,0:02:03,The Office (U.S.): Season 3: Safety Training (Episode 19),The Office (U.S.), Season 3, Safety Training (Episode 19),TV Show
Charlie,2013-03-14 19:36:27-04:00,14,3,Thursday,3,2013,0:29:32,The Office (U.S.): Season 3: The Negotiation (Episode 18),The Office (U.S.), Season 3, The Negotiation (Episode 18),TV Show
Charlie,2013-03-14 19:35:42-04:00,14,3,Thursday,3,2013,0:00:03,The Office (U.S.): Season 3: Cocktails (Episode 17),The Office (U.S.), Season 3, Cocktails (Episode 17),TV Show
Charlie,2013-03-14 19:34:05-04:00,14,3,Thursday,3,2013,0:01:14,The Office (U.S.): Season 3: Cocktails (Episode 17),The Office (U.S.), Season 3, Cocktails (Episode 17),TV Show
Charlie,2013-03-14 19:12:03-04:00,14,3,Thursday,3,2013,0:20:06,The Office (U.S.): Season 3: Cocktails (Episode 17),The Office (U.S.), Season 3, Cocktails (Episode 17),TV Show
Charlie,2013-03-14 01:33:24-04:00,14,3,Thursday,3,2013,0:21:12,The Office (U.S.): Season 3: Business School (Episode 16),The Office (U.S.), Season 3, Business School (Episode 16),TV Show
Charlie,2013-03-14 01:12:38-04:00,14,3,Thursday,3,2013,0:20:42,The Office (U.S.): Season 3: Phyllis's Wedding (Episode 15),The Office (U.S.), Season 3, Phyllis's Wedding (Episode 15),TV Show
Charlie,2013-03-14 00:58:19-04:00,14,3,Thursday,3,2013,0:14:14,The Office (U.S.): Season 3: Ben Franklin (Episode 14),The Office (U.S.), Season 3, Ben Franklin (Episode 14),TV Show
Charlie,2013-03-13 22:38:47-04:00,13,2,Wednesday,3,2013,0:20:56,Archer: Season 2: Placebo Effect (Episode 9),Archer, Season 2, Placebo Effect (Episode 9),TV Show
Charlie,2013-03-13 22:30:33-04:00,13,2,Wednesday,3,2013,0:08:10,Archer: Season 2: Stage Two (Episode 8),Archer, Season 2, Stage Two (Episode 8),TV Show
Charlie,2013-03-13 20:41:10-04:00,13,2,Wednesday,3,2013,0:06:38,The Office (U.S.): Season 3: Ben Franklin (Episode 14),The Office (U.S.), Season 3, Ben Franklin (Episode 14),TV Show
Charlie,2013-03-13 19:32:23-04:00,13,2,Wednesday,3,2013,0:28:24,The Office (U.S.): Season 3: The Return (Episode 13),The Office (U.S.), Season 3, The Return (Episode 13),TV Show
Charlie,2013-03-13 18:56:08-04:00,13,2,Wednesday,3,2013,0:21:06,The Office (U.S.): Season 3: Traveling Salesmen (Episode 12),The Office (U.S.), Season 3, Traveling Salesmen (Episode 12),TV Show
Charlie,2013-03-13 18:34:52-04:00,13,2,Wednesday,3,2013,0:20:44,The Office (U.S.): Season 3: Back from Vacation (Episode 11),The Office (U.S.), Season 3, Back from Vacation (Episode 11),TV Show
Charlie,2013-03-13 17:55:05-04:00,13,2,Wednesday,3,2013,0:13:01,The Office (U.S.): Season 3: A Benihana Christmas (Episode 10),The Office (U.S.), Season 3, A Benihana Christmas (Episode 10),TV Show
Charlie,2013-03-13 15:48:49-04:00,13,2,Wednesday,3,2013,0:15:02,The Office (U.S.): Season 3: A Benihana Christmas (Episode 10),The Office (U.S.), Season 3, A Benihana Christmas (Episode 10),TV Show
Charlie,2013-03-13 13:30:04-04:00,13,2,Wednesday,3,2013,0:11:05,The Office (U.S.): Season 3: A Benihana Christmas (Episode 10),The Office (U.S.), Season 3, A Benihana Christmas (Episode 10),TV Show
Charlie,2013-03-13 13:05:56-04:00,13,2,Wednesday,3,2013,0:02:00,The Office (U.S.): Season 3: A Benihana Christmas (Episode 10),The Office (U.S.), Season 3, A Benihana Christmas (Episode 10),TV Show
Charlie,2013-03-13 01:55:54-04:00,13,2,Wednesday,3,2013,0:21:08,The Office (U.S.): Season 3: The Convict (Episode 9),The Office (U.S.), Season 3, The Convict (Episode 9),TV Show
Charlie,2013-03-13 01:26:23-04:00,13,2,Wednesday,3,2013,0:29:28,The Office (U.S.): Season 3: The Merger (Episode 8),The Office (U.S.), Season 3, The Merger (Episode 8),TV Show
Charlie,2013-03-13 00:34:16-04:00,13,2,Wednesday,3,2013,0:29:55,The Office (U.S.): Season 3: Branch Closing (Episode 7),The Office (U.S.), Season 3, Branch Closing (Episode 7),TV Show
Charlie,2013-03-13 00:13:19-04:00,13,2,Wednesday,3,2013,0:20:55,The Office (U.S.): Season 3: Diwali (Episode 6),The Office (U.S.), Season 3, Diwali (Episode 6),TV Show
Charlie,2013-03-12 23:52:19-04:00,12,1,Tuesday,3,2013,0:20:56,The Office (U.S.): Season 3: Initiation (Episode 5),The Office (U.S.), Season 3, Initiation (Episode 5),TV Show
Charlie,2013-03-12 23:46:53-04:00,12,1,Tuesday,3,2013,0:05:24,The Office (U.S.): Season 3: Grief Counseling (Episode 4),The Office (U.S.), Season 3, Grief Counseling (Episode 4),TV Show
Charlie,2013-03-12 22:31:04-04:00,12,1,Tuesday,3,2013,0:05:37,The Office (U.S.): Season 3: Grief Counseling (Episode 4),The Office (U.S.), Season 3, Grief Counseling (Episode 4),TV Show
Charlie,2013-03-12 21:15:57-04:00,12,1,Tuesday,3,2013,0:00:09,The Office (U.S.): Season 3: Grief Counseling (Episode 4),The Office (U.S.), Season 3, Grief Counseling (Episode 4),TV Show
Charlie,2013-03-12 19:55:02-04:00,12,1,Tuesday,3,2013,0:09:37,The Office (U.S.): Season 3: Grief Counseling (Episode 4),The Office (U.S.), Season 3, Grief Counseling (Episode 4),TV Show
Charlie,2013-03-12 19:44:15-04:00,12,1,Tuesday,3,2013,0:10:42,The Office (U.S.): Season 3: The Coup (Episode 3),The Office (U.S.), Season 3, The Coup (Episode 3),TV Show
Charlie,2013-03-12 17:18:15-04:00,12,1,Tuesday,3,2013,0:10:31,The Office (U.S.): Season 3: The Coup (Episode 3),The Office (U.S.), Season 3, The Coup (Episode 3),TV Show
Charlie,2013-03-12 16:58:59-04:00,12,1,Tuesday,3,2013,0:10:11,The Office (U.S.): Season 3: The Convention (Episode 2),The Office (U.S.), Season 3, The Convention (Episode 2),TV Show
Charlie,2013-03-12 12:17:28-04:00,12,1,Tuesday,3,2013,0:11:01,The Office (U.S.): Season 3: The Convention (Episode 2),The Office (U.S.), Season 3, The Convention (Episode 2),TV Show
Charlie,2013-03-12 11:55:04-04:00,12,1,Tuesday,3,2013,0:21:40,The Office (U.S.): Season 3: Gay Witch Hunt (Episode 1),The Office (U.S.), Season 3, Gay Witch Hunt (Episode 1),TV Show
Charlie,2013-03-12 10:52:07-04:00,12,1,Tuesday,3,2013,0:27:52,The Office (U.S.): Season 2: Casino Night (Episode 22),The Office (U.S.), Season 2, Casino Night (Episode 22),TV Show
Charlie,2013-03-12 10:51:11-04:00,12,1,Tuesday,3,2013,0:00:52,The Office (U.S.): Season 2: Conflict Resolution (Episode 21),The Office (U.S.), Season 2, Conflict Resolution (Episode 21),TV Show
Charlie,2013-03-12 10:28:26-04:00,12,1,Tuesday,3,2013,0:20:47,The Office (U.S.): Season 2: Conflict Resolution (Episode 21),The Office (U.S.), Season 2, Conflict Resolution (Episode 21),TV Show
Charlie,2013-03-12 01:53:10-04:00,12,1,Tuesday,3,2013,0:20:08,The Office (U.S.): Season 2: Drug Testing (Episode 20),The Office (U.S.), Season 2, Drug Testing (Episode 20),TV Show
Charlie,2013-03-12 01:32:28-04:00,12,1,Tuesday,3,2013,0:20:39,The Office (U.S.): Season 2: Michael's Birthday (Episode 19),The Office (U.S.), Season 2, Michael's Birthday (Episode 19),TV Show
Charlie,2013-03-12 01:11:52-04:00,12,1,Tuesday,3,2013,0:20:32,The Office (U.S.): Season 2: Take Your Daughter to Work Day (Episode 18),The Office (U.S.), Season 2, Take Your Daughter to Work Day (Episode 18),TV Show
Charlie,2013-03-12 00:11:10-04:00,12,1,Tuesday,3,2013,0:20:54,The Office (U.S.): Season 2: Dwight's Speech (Episode 17),The Office (U.S.), Season 2, Dwight's Speech (Episode 17),TV Show
Charlie,2013-03-11 23:50:09-04:00,11,0,Monday,3,2013,0:20:55,The Office (U.S.): Season 2: Valentine's Day (Episode 16),The Office (U.S.), Season 2, Valentine's Day (Episode 16),TV Show
Charlie,2013-03-11 23:28:56-04:00,11,0,Monday,3,2013,0:21:06,The Office (U.S.): Season 2: Boys and Girls (Episode 15),The Office (U.S.), Season 2, Boys and Girls (Episode 15),TV Show
Charlie,2013-03-11 23:08:08-04:00,11,0,Monday,3,2013,0:20:43,The Office (U.S.): Season 2: The Carpet (Episode 14),The Office (U.S.), Season 2, The Carpet (Episode 14),TV Show
Charlie,2013-03-11 22:56:52-04:00,11,0,Monday,3,2013,0:11:11,The Office (U.S.): Season 2: The Secret (Episode 13),The Office (U.S.), Season 2, The Secret (Episode 13),TV Show
Charlie,2013-03-11 21:39:33-04:00,11,0,Monday,3,2013,0:13:05,Archer: Season 2: Stage Two (Episode 8),Archer, Season 2, Stage Two (Episode 8),TV Show
Charlie,2013-03-11 21:19:32-04:00,11,0,Monday,3,2013,0:19:56,Archer: Season 2: Movie Star (Episode 7),Archer, Season 2, Movie Star (Episode 7),TV Show
Charlie,2013-03-11 21:18:33-04:00,11,0,Monday,3,2013,0:00:54,Archer: Season 2: Tragical History (Episode 6),Archer, Season 2, Tragical History (Episode 6),TV Show
Charlie,2013-03-11 21:00:34-04:00,11,0,Monday,3,2013,0:09:47,The Office (U.S.): Season 2: The Secret (Episode 13),The Office (U.S.), Season 2, The Secret (Episode 13),TV Show
Charlie,2013-03-11 20:24:08-04:00,11,0,Monday,3,2013,0:20:52,The Office (U.S.): Season 2: The Injury (Episode 12),The Office (U.S.), Season 2, The Injury (Episode 12),TV Show
Charlie,2013-03-11 19:36:20-04:00,11,0,Monday,3,2013,0:20:36,The Office (U.S.): Season 2: Booze Cruise (Episode 11),The Office (U.S.), Season 2, Booze Cruise (Episode 11),TV Show
Charlie,2013-03-11 19:14:51-04:00,11,0,Monday,3,2013,0:21:26,The Office (U.S.): Season 2: Christmas Party (Episode 10),The Office (U.S.), Season 2, Christmas Party (Episode 10),TV Show
Charlie,2013-03-11 18:42:56-04:00,11,0,Monday,3,2013,0:21:45,The Office (U.S.): Season 2: Email Surveillance (Episode 9),The Office (U.S.), Season 2, Email Surveillance (Episode 9),TV Show
Charlie,2013-03-11 17:23:25-04:00,11,0,Monday,3,2013,0:21:02,The Office (U.S.): Season 2: Performance Review (Episode 8),The Office (U.S.), Season 2, Performance Review (Episode 8),TV Show
Charlie,2013-03-11 14:44:14-04:00,11,0,Monday,3,2013,0:00:15,The Office (U.S.): Season 2: Performance Review (Episode 8),The Office (U.S.), Season 2, Performance Review (Episode 8),TV Show
Charlie,2013-03-11 14:36:43-04:00,11,0,Monday,3,2013,0:07:28,The Office (U.S.): Season 2: The Client (Episode 7),The Office (U.S.), Season 2, The Client (Episode 7),TV Show
Charlie,2013-03-11 13:12:57-04:00,11,0,Monday,3,2013,0:13:55,The Office (U.S.): Season 2: The Client (Episode 7),The Office (U.S.), Season 2, The Client (Episode 7),TV Show
Charlie,2013-03-11 12:19:38-04:00,11,0,Monday,3,2013,0:15:37,The Office (U.S.): Season 2: The Fight (Episode 6),The Office (U.S.), Season 2, The Fight (Episode 6),TV Show
Charlie,2013-03-11 02:30:51-04:00,11,0,Monday,3,2013,0:05:57,The Office (U.S.): Season 2: The Fight (Episode 6),The Office (U.S.), Season 2, The Fight (Episode 6),TV Show
Charlie,2013-03-11 02:09:15-04:00,11,0,Monday,3,2013,0:21:31,The Office (U.S.): Season 2: Halloween (Episode 5),The Office (U.S.), Season 2, Halloween (Episode 5),TV Show
Charlie,2013-03-11 01:50:07-04:00,11,0,Monday,3,2013,0:18:16,The Office (U.S.): Season 2: The Fire (Episode 4),The Office (U.S.), Season 2, The Fire (Episode 4),TV Show
Charlie,2013-03-10 22:30:42-04:00,10,6,Sunday,3,2013,0:02:43,The Office (U.S.): Season 2: The Fire (Episode 4),The Office (U.S.), Season 2, The Fire (Episode 4),TV Show
Charlie,2013-03-10 21:08:11-04:00,10,6,Sunday,3,2013,0:21:08,The Office (U.S.): Season 2: Office Olympics (Episode 3),The Office (U.S.), Season 2, Office Olympics (Episode 3),TV Show
Charlie,2013-03-10 20:46:51-04:00,10,6,Sunday,3,2013,0:21:16,The Office (U.S.): Season 2: Sexual Harassment (Episode 2),The Office (U.S.), Season 2, Sexual Harassment (Episode 2),TV Show
Charlie,2013-03-10 20:26:12-04:00,10,6,Sunday,3,2013,0:20:35,The Office (U.S.): Season 2: The Dundies (Episode 1),The Office (U.S.), Season 2, The Dundies (Episode 1),TV Show
Charlie,2013-03-10 20:04:12-04:00,10,6,Sunday,3,2013,0:21:56,The Office (U.S.): Season 1: Hot Girl (Episode 6),The Office (U.S.), Season 1, Hot Girl (Episode 6),TV Show
Charlie,2013-03-10 19:44:24-04:00,10,6,Sunday,3,2013,0:18:20,The Office (U.S.): Season 1: Basketball (Episode 5),The Office (U.S.), Season 1, Basketball (Episode 5),TV Show
Charlie,2013-03-10 18:30:20-04:00,10,6,Sunday,3,2013,0:03:20,The Office (U.S.): Season 1: Basketball (Episode 5),The Office (U.S.), Season 1, Basketball (Episode 5),TV Show
Charlie,2013-03-10 18:08:30-04:00,10,6,Sunday,3,2013,0:21:44,The Office (U.S.): Season 1: The Alliance (Episode 4),The Office (U.S.), Season 1, The Alliance (Episode 4),TV Show
Charlie,2013-03-10 17:46:45-04:00,10,6,Sunday,3,2013,0:21:32,The Office (U.S.): Season 1: Health Care (Episode 3),The Office (U.S.), Season 1, Health Care (Episode 3),TV Show
Charlie,2013-03-10 17:25:01-04:00,10,6,Sunday,3,2013,0:21:33,The Office (U.S.): Season 1: Diversity Day (Episode 2),The Office (U.S.), Season 1, Diversity Day (Episode 2),TV Show
Charlie,2013-03-10 17:02:07-04:00,10,6,Sunday,3,2013,0:22:48,The Office (U.S.): Season 1: Pilot (Episode 1),The Office (U.S.), Season 1, Pilot (Episode 1),TV Show
Charlie,2013-03-10 16:42:49-04:00,10,6,Sunday,3,2013,0:18:47,The Office (U.S.): Season 7: Search Committee: Part 2 (Episode 26),The Office (U.S.), Season 7, Search Committee: Part 2 (Episode 26),TV Show
Charlie,2013-03-10 16:14:39-04:00,10,6,Sunday,3,2013,0:23:52,The Office (U.S.): Season 7: Search Committee: Part 1 (Episode 25),The Office (U.S.), Season 7, Search Committee: Part 1 (Episode 25),TV Show
Charlie,2013-03-10 15:53:39-04:00,10,6,Sunday,3,2013,0:15:56,"The Office (U.S.): Season 7: Dwight K. Schrute, (Acting) Manager (Episode 24)",The Office (U.S.), Season 7," Dwight K. Schrute, (Acting) Manager (Episode 24)",TV Show
Charlie,2013-03-09 22:11:14-05:00,9,5,Saturday,3,2013,0:05:39,"The Office (U.S.): Season 7: Dwight K. Schrute, (Acting) Manager (Episode 24)",The Office (U.S.), Season 7," Dwight K. Schrute, (Acting) Manager (Episode 24)",TV Show
Charlie,2013-03-09 21:49:25-05:00,9,5,Saturday,3,2013,0:21:43,The Office (U.S.): Season 7: The Inner Circle (Episode 23),The Office (U.S.), Season 7, The Inner Circle (Episode 23),TV Show
Charlie,2013-03-09 21:13:43-05:00,9,5,Saturday,3,2013,0:35:37,"The Office (U.S.): Season 7: Goodbye, Michael (Episode 22)",The Office (U.S.), Season 7," Goodbye, Michael (Episode 22)",TV Show
Charlie,2013-03-09 20:52:07-05:00,9,5,Saturday,3,2013,0:21:32,The Office (U.S.): Season 7: Michael's Last Dundies (Episode 21),The Office (U.S.), Season 7, Michael's Last Dundies (Episode 21),TV Show
Charlie,2013-03-09 20:25:05-05:00,9,5,Saturday,3,2013,0:21:29,The Office (U.S.): Season 7: Training Day (Episode 20),The Office (U.S.), Season 7, Training Day (Episode 20),TV Show
Charlie,2013-03-09 20:03:19-05:00,9,5,Saturday,3,2013,0:21:33,The Office (U.S.): Season 7: Garage Sale (Episode 19),The Office (U.S.), Season 7, Garage Sale (Episode 19),TV Show
Charlie,2013-03-09 18:25:22-05:00,9,5,Saturday,3,2013,0:21:34,The Office (U.S.): Season 7: Threat Level Midnight (Episode 17),The Office (U.S.), Season 7, Threat Level Midnight (Episode 17),TV Show
Charlie,2013-03-09 18:03:25-05:00,9,5,Saturday,3,2013,0:21:45,The Office (U.S.): Season 7: PDA (Episode 16),The Office (U.S.), Season 7, PDA (Episode 16),TV Show
Charlie,2013-03-09 17:38:53-05:00,9,5,Saturday,3,2013,0:21:31,The Office (U.S.): Season 7: The Search (Episode 15),The Office (U.S.), Season 7, The Search (Episode 15),TV Show
Charlie,2013-03-09 16:41:24-05:00,9,5,Saturday,3,2013,0:21:46,The Office (U.S.): Season 7: The Seminar (Episode 14),The Office (U.S.), Season 7, The Seminar (Episode 14),TV Show
Charlie,2013-03-09 16:19:36-05:00,9,5,Saturday,3,2013,0:21:45,The Office (U.S.): Season 7: Ultimatum (Episode 13),The Office (U.S.), Season 7, Ultimatum (Episode 13),TV Show
Charlie,2013-03-09 16:01:10-05:00,9,5,Saturday,3,2013,0:18:23,The Office (U.S.): Season 7: Classy Christmas: Part 2 (Episode 12),The Office (U.S.), Season 7, Classy Christmas: Part 2 (Episode 12),TV Show
Charlie,2013-03-09 15:48:16-05:00,9,5,Saturday,3,2013,0:12:51,The Office (U.S.): Season 7: Classy Christmas: Part 1 (Episode 11),The Office (U.S.), Season 7, Classy Christmas: Part 1 (Episode 11),TV Show
Charlie,2013-03-09 12:34:13-05:00,9,5,Saturday,3,2013,0:11:59,The Office (U.S.): Season 7: Classy Christmas: Part 1 (Episode 11),The Office (U.S.), Season 7, Classy Christmas: Part 1 (Episode 11),TV Show
Charlie,2013-03-09 12:21:42-05:00,9,5,Saturday,3,2013,0:12:27,The Office (U.S.): Season 7: China (Episode 10),The Office (U.S.), Season 7, China (Episode 10),TV Show
Charlie,2013-03-09 03:25:52-05:00,9,5,Saturday,3,2013,0:09:24,The Office (U.S.): Season 7: China (Episode 10),The Office (U.S.), Season 7, China (Episode 10),TV Show
Charlie,2013-03-09 03:04:16-05:00,9,5,Saturday,3,2013,0:21:33,The Office (U.S.): Season 7: WUPHF.com (Episode 9),The Office (U.S.), Season 7, WUPHF.com (Episode 9),TV Show
Charlie,2013-03-09 02:20:39-05:00,9,5,Saturday,3,2013,0:21:31,The Office (U.S.): Season 7: Viewing Party (Episode 8),The Office (U.S.), Season 7, Viewing Party (Episode 8),TV Show
Charlie,2013-03-09 02:17:55-05:00,9,5,Saturday,3,2013,0:02:40,The Office (U.S.): Season 7: Christening (Episode 7),The Office (U.S.), Season 7, Christening (Episode 7),TV Show
Charlie,2013-03-09 01:44:33-05:00,9,5,Saturday,3,2013,0:21:45,The Office (U.S.): Season 7: Costume Contest (Episode 6),The Office (U.S.), Season 7, Costume Contest (Episode 6),TV Show
Charlie,2013-03-09 01:27:51-05:00,9,5,Saturday,3,2013,0:10:54,The Office (U.S.): Season 7: The Sting (Episode 5),The Office (U.S.), Season 7, The Sting (Episode 5),TV Show
Charlie,2013-03-08 21:58:32-05:00,8,4,Friday,3,2013,0:10:44,The Office (U.S.): Season 7: The Sting (Episode 5),The Office (U.S.), Season 7, The Sting (Episode 5),TV Show
Charlie,2013-03-08 21:36:40-05:00,8,4,Friday,3,2013,0:21:43,The Office (U.S.): Season 7: Sex Ed (Episode 4),The Office (U.S.), Season 7, Sex Ed (Episode 4),TV Show
Charlie,2013-03-08 21:35:43-05:00,8,4,Friday,3,2013,0:00:55,The Office (U.S.): Season 7: Andy's Play (Episode 3),The Office (U.S.), Season 7, Andy's Play (Episode 3),TV Show
Charlie,2013-03-08 19:52:42-05:00,8,4,Friday,3,2013,0:20:44,The Office (U.S.): Season 7: Andy's Play (Episode 3),The Office (U.S.), Season 7, Andy's Play (Episode 3),TV Show
Charlie,2013-03-08 19:29:16-05:00,8,4,Friday,3,2013,0:21:48,The Office (U.S.): Season 7: Counseling (Episode 2),The Office (U.S.), Season 7, Counseling (Episode 2),TV Show
Charlie,2013-03-08 18:45:38-05:00,8,4,Friday,3,2013,0:21:48,The Office (U.S.): Season 7: Nepotism (Episode 1),The Office (U.S.), Season 7, Nepotism (Episode 1),TV Show
Charlie,2013-03-08 18:23:26-05:00,8,4,Friday,3,2013,0:21:12,The Office (U.S.): Season 5: The Duel (Episode 12),The Office (U.S.), Season 5, The Duel (Episode 12),TV Show
Charlie,2013-03-07 23:32:39-05:00,7,3,Thursday,3,2013,0:19:55,Archer: Season 2: The Double Deuce (Episode 5),Archer, Season 2, The Double Deuce (Episode 5),TV Show
Charlie,2013-03-07 23:31:28-05:00,7,3,Thursday,3,2013,0:00:16,30 for 30: The Two Escobars,30 for 30, The Two Escobars,,TV Show
Charlie,2013-03-07 01:11:24-05:00,7,3,Thursday,3,2013,0:12:58,Star Trek: Deep Space Nine: Season 5: Ferengi Love Songs (Episode 20),Star Trek, Deep Space Nine, Season 5: Ferengi Love Songs (Episode 20),TV Show
Charlie,2013-03-07 00:26:30-05:00,7,3,Thursday,3,2013,0:44:50,Star Trek: Deep Space Nine: Season 5: Ties of Blood and Water (Episode 19),Star Trek, Deep Space Nine, Season 5: Ties of Blood and Water (Episode 19),TV Show
Charlie,2013-03-06 23:55:16-05:00,6,2,Wednesday,3,2013,0:31:11,Star Trek: Deep Space Nine: Season 5: Business as Usual (Episode 18),Star Trek, Deep Space Nine, Season 5: Business as Usual (Episode 18),TV Show
Charlie,2013-03-06 20:43:40-05:00,6,2,Wednesday,3,2013,0:13:24,Star Trek: Deep Space Nine: Season 5: Business as Usual (Episode 18),Star Trek, Deep Space Nine, Season 5: Business as Usual (Episode 18),TV Show
Charlie,2013-03-06 19:59:10-05:00,6,2,Wednesday,3,2013,0:44:26,Star Trek: Deep Space Nine: Season 5: A Simple Investigation (Episode 17),Star Trek, Deep Space Nine, Season 5: A Simple Investigation (Episode 17),TV Show
Charlie,2013-03-06 19:00:51-05:00,6,2,Wednesday,3,2013,0:44:45,"Star Trek: Deep Space Nine: Season 5: Doctor Bashir, I Presume? (Episode 16)",Star Trek, Deep Space Nine," Season 5: Doctor Bashir, I Presume? (Episode 16)",TV Show
Charlie,2013-03-06 18:01:23-05:00,6,2,Wednesday,3,2013,0:50:01,"Buffy the Vampire Slayer: Season 6: Once More, with Feeling (Episode 7)",Buffy the Vampire Slayer, Season 6," Once More, with Feeling (Episode 7)",TV Show
Charlie,2013-03-06 14:34:57-05:00,6,2,Wednesday,3,2013,0:42:51,Star Trek: Deep Space Nine: Season 5: By Inferno's Light (Episode 15),Star Trek, Deep Space Nine, Season 5: By Inferno's Light (Episode 15),TV Show
Charlie,2013-03-06 14:34:29-05:00,6,2,Wednesday,3,2013,0:00:24,Star Trek: Deep Space Nine: Season 1: Emissary: Parts 1 & 2 (Episode 1),Star Trek, Deep Space Nine, Season 1: Emissary: Parts 1 & 2 (Episode 1),TV Show
Charlie,2013-03-06 14:33:36-05:00,6,2,Wednesday,3,2013,0:00:11,Star Trek: Deep Space Nine: Season 1: Emissary: Parts 1 & 2 (Episode 1),Star Trek, Deep Space Nine, Season 1: Emissary: Parts 1 & 2 (Episode 1),TV Show
Charlie,2013-03-06 02:12:40-05:00,6,2,Wednesday,3,2013,0:00:10,Star Trek: Deep Space Nine: Season 5: By Inferno's Light (Episode 15),Star Trek, Deep Space Nine, Season 5: By Inferno's Light (Episode 15),TV Show
Charlie,2013-03-06 01:24:50-05:00,6,2,Wednesday,3,2013,0:44:11,Star Trek: Deep Space Nine: Season 5: In Purgatory's Shadow (Episode 14),Star Trek, Deep Space Nine, Season 5: In Purgatory's Shadow (Episode 14),TV Show
Charlie,2013-03-06 00:38:11-05:00,6,2,Wednesday,3,2013,0:44:34,Star Trek: Deep Space Nine: Season 5: For the Uniform (Episode 13),Star Trek, Deep Space Nine, Season 5: For the Uniform (Episode 13),TV Show
Charlie,2013-03-05 23:53:22-05:00,5,1,Tuesday,3,2013,0:44:44,Star Trek: Deep Space Nine: Season 5: The Begotten (Episode 12),Star Trek, Deep Space Nine, Season 5: The Begotten (Episode 12),TV Show
Charlie,2013-03-05 18:02:57-05:00,5,1,Tuesday,3,2013,0:23:29,30 for 30: The Two Escobars,30 for 30, The Two Escobars,,TV Show
Charlie,2013-03-05 01:45:52-05:00,5,1,Tuesday,3,2013,0:29:22,Star Trek: Deep Space Nine: Season 5: The Darkness and the Light (Episode 11),Star Trek, Deep Space Nine, Season 5: The Darkness and the Light (Episode 11),TV Show
Charlie,2013-03-04 23:41:26-05:00,4,0,Monday,3,2013,0:15:10,Star Trek: Deep Space Nine: Season 5: The Darkness and the Light (Episode 11),Star Trek, Deep Space Nine, Season 5: The Darkness and the Light (Episode 11),TV Show
Charlie,2013-03-04 22:55:14-05:00,4,0,Monday,3,2013,0:44:49,Star Trek: Deep Space Nine: Season 5: Rapture (Episode 10),Star Trek, Deep Space Nine, Season 5: Rapture (Episode 10),TV Show
Charlie,2013-03-04 22:10:40-05:00,4,0,Monday,3,2013,0:43:29,Star Trek: Deep Space Nine: Season 5: The Ascent (Episode 9),Star Trek, Deep Space Nine, Season 5: The Ascent (Episode 9),TV Show
Charlie,2013-03-04 21:43:31-05:00,4,0,Monday,3,2013,0:21:03,Archer: Season 2: Pipeline Fever (Episode 4),Archer, Season 2, Pipeline Fever (Episode 4),TV Show
Charlie,2013-03-04 21:31:29-05:00,4,0,Monday,3,2013,0:11:45,Archer: Season 2: Blood Test (Episode 3),Archer, Season 2, Blood Test (Episode 3),TV Show
Charlie,2013-03-04 01:55:49-05:00,4,0,Monday,3,2013,0:01:19,Star Trek: Deep Space Nine: Season 5: The Ascent (Episode 9),Star Trek, Deep Space Nine, Season 5: The Ascent (Episode 9),TV Show
Charlie,2013-03-04 00:55:29-05:00,4,0,Monday,3,2013,0:44:50,Star Trek: Deep Space Nine: Season 5: Things Past (Episode 8),Star Trek, Deep Space Nine, Season 5: Things Past (Episode 8),TV Show
Charlie,2013-03-04 00:16:30-05:00,4,0,Monday,3,2013,0:37:02,Star Trek: Deep Space Nine: Season 5: Let He Who Is Without Sin.. (Episode 7),Star Trek, Deep Space Nine, Season 5: Let He Who Is Without Sin.. (Episode 7),TV Show
Charlie,2013-03-03 19:31:51-05:00,3,6,Sunday,3,2013,0:07:27,Star Trek: Deep Space Nine: Season 5: Let He Who Is Without Sin.. (Episode 7),Star Trek, Deep Space Nine, Season 5: Let He Who Is Without Sin.. (Episode 7),TV Show
Charlie,2013-03-03 18:56:14-05:00,3,6,Sunday,3,2013,0:35:32,Star Trek: Deep Space Nine: Season 5: Trials and Tribble-ations (Episode 6),Star Trek, Deep Space Nine, Season 5: Trials and Tribble-ations (Episode 6),TV Show
Charlie,2013-03-03 17:52:58-05:00,3,6,Sunday,3,2013,0:09:08,Star Trek: Deep Space Nine: Season 5: Trials and Tribble-ations (Episode 6),Star Trek, Deep Space Nine, Season 5: Trials and Tribble-ations (Episode 6),TV Show
Charlie,2013-03-03 17:08:05-05:00,3,6,Sunday,3,2013,0:44:45,Star Trek: Deep Space Nine: Season 5: The Assignment (Episode 5),Star Trek, Deep Space Nine, Season 5: The Assignment (Episode 5),TV Show
Charlie,2013-03-03 17:07:45-05:00,3,6,Sunday,3,2013,0:00:16,Star Trek: Deep Space Nine: Season 5: ...Nor the Battle to the Strong (Episode 4),Star Trek, Deep Space Nine, Season 5: ...Nor the Battle to the Strong (Episode 4),TV Show
Charlie,2013-03-03 01:26:06-05:00,3,6,Sunday,3,2013,0:44:15,Star Trek: Deep Space Nine: Season 5: ...Nor the Battle to the Strong (Episode 4),Star Trek, Deep Space Nine, Season 5: ...Nor the Battle to the Strong (Episode 4),TV Show
Charlie,2013-03-03 00:41:10-05:00,3,6,Sunday,3,2013,0:44:51,Star Trek: Deep Space Nine: Season 5: Looking for Par'Mach in All the Wrong Places (Episode 3),Star Trek, Deep Space Nine, Season 5: Looking for Par'Mach in All the Wrong Places (Episode 3),TV Show
Charlie,2013-03-03 00:07:50-05:00,3,6,Sunday,3,2013,0:33:07,Star Trek: Deep Space Nine: Season 5: The Ship (Episode 2),Star Trek, Deep Space Nine, Season 5: The Ship (Episode 2),TV Show
Charlie,2013-03-02 20:28:37-05:00,2,5,Saturday,3,2013,0:11:30,Star Trek: Deep Space Nine: Season 5: The Ship (Episode 2),Star Trek, Deep Space Nine, Season 5: The Ship (Episode 2),TV Show
Charlie,2013-03-02 19:44:30-05:00,2,5,Saturday,3,2013,0:43:56,Star Trek: Deep Space Nine: Season 5: Apocalypse Rising (Episode 1),Star Trek, Deep Space Nine, Season 5: Apocalypse Rising (Episode 1),TV Show
Charlie,2013-03-02 18:54:28-05:00,2,5,Saturday,3,2013,0:44:19,Star Trek: Deep Space Nine: Season 4: Broken Link (Episode 25),Star Trek, Deep Space Nine, Season 4: Broken Link (Episode 25),TV Show
Charlie,2013-03-02 18:33:55-05:00,2,5,Saturday,3,2013,0:17:17,Star Trek: Deep Space Nine: Season 4: Body Parts (Episode 24),Star Trek, Deep Space Nine, Season 4: Body Parts (Episode 24),TV Show
Charlie,2013-03-01 19:45:12-05:00,1,4,Friday,3,2013,0:05:18,Star Trek: Deep Space Nine: Season 4: Body Parts (Episode 24),Star Trek, Deep Space Nine, Season 4: Body Parts (Episode 24),TV Show
Charlie,2013-03-01 18:46:16-05:00,1,4,Friday,3,2013,0:58:12,Louis C.K.: Live at the Beacon Theater,Louis C.K., Live at the Beacon Theater,,TV Show
Charlie,2013-03-01 18:21:19-05:00,1,4,Friday,3,2013,0:21:59,Star Trek: Deep Space Nine: Season 4: Body Parts (Episode 24),Star Trek, Deep Space Nine, Season 4: Body Parts (Episode 24),TV Show
Charlie,2013-03-01 17:36:48-05:00,1,4,Friday,3,2013,0:44:26,Star Trek: Deep Space Nine: Season 4: The Quickening (Episode 23),Star Trek, Deep Space Nine, Season 4: The Quickening (Episode 23),TV Show
Charlie,2013-03-01 15:47:09-05:00,1,4,Friday,3,2013,0:43:48,Star Trek: Deep Space Nine: Season 4: To the Death (Episode 22),Star Trek, Deep Space Nine, Season 4: To the Death (Episode 22),TV Show
